{
     "Cluster 0": {
          "train AUC": 1.0,
          "test AUC": 0.5
     },
     "Cluster 1": {
          "train AUC": 0.8571428571428572,
          "test AUC": 0.49230769230769234
     },
     "Cluster 2": {
          "train AUC": 0.5,
          "test AUC": 0.5
     }
}